[    10     34      1 974176],init,0
[    10     34     14 480998],task_some_task,0
[    10     34     20 688100],btwn_trial,0
[    10     34     22 320395],task_some_task,1
[    10     34     28 239944],btwn_trial,1
[    10     34     30 128579],task_some_task,2
[   10    34    36 48297],btwn_trial,2
[    10     34     37 760329],task_some_task,3
[    10     34     43 440143],btwn_trial,3
[    10     34     44 991722],task_some_task,4
[    10     34     50 848218],btwn_trial,4
[    10     34     52 288455],task_some_task,5
[    10     34     57 536370],btwn_trial,5
[  10   34   59 8112],task_some_task,6
[    10     35      4 895293],btwn_trial,6
[    10     35      6 514401],task_some_task,7
[    10     35     11 999917],btwn_trial,7
[    10     35     13 585824],task_some_task,8
[    10     35     19 552178],btwn_trial,8
[    10     35     21 168941],task_some_task,9
[    10     35     26 880540],btwn_trial,9
[    10     35     28 336803],task_some_task,10
[   10    35    34 49085],btwn_trial,10
[   10    35    36 64836],task_some_task,11
[    10     35     42 479886],btwn_trial,11
[    10     35     44 192137],task_some_task,12
[    10     35     50 112229],btwn_trial,12
[    10     35     51 904181],task_some_task,13
[    10     35     57 695343],btwn_trial,13
[    10     35     59 218138],task_some_task,14
[    10     36      4 256300],btwn_trial,14
[    10     36      5 968498],task_some_task,15
[    10     36     11 279249],btwn_trial,15
[    10     36     12 833046],task_some_task,16
[    10     36     17 744411],btwn_trial,16
[    10     36     19 120194],task_some_task,17
[    10     36     24 223963],btwn_trial,17
[    10     36     25 825191],task_some_task,18
[  10   36   31 8482],btwn_trial,18
[    10     36     33 121732],task_some_task,19
[    10     36     39 904364],btwn_trial,19
