[    14     56     33 988071],init,0
[    14     57     54 522356],task_some_task,0
[   14    57    59 82136],btwn_trial,0
[    14     58      0 842141],task_some_task,1
[    14     58      4 299269],btwn_trial,1
[    14     58      5 898792],task_some_task,2
[    14     58      9 994080],btwn_trial,2
[    14     58     11 658226],task_some_task,3
[    14     58     15 577959],btwn_trial,3
[    14     58     17 322206],task_some_task,4
[    14     58     21 322356],btwn_trial,4
[   14    58    23 18237],task_some_task,5
[    14     58     27 529695],btwn_trial,5
[    14     58     29 851819],task_some_task,6
[    14     58     34 328745],btwn_trial,6
[    14     58     36 554766],task_some_task,7
[    14     58     40 505677],btwn_trial,7
[    14     58     45 883082],task_some_task,8
[    14     58     50 249906],btwn_trial,8
[    14     58     51 786285],task_some_task,9
[    14     58     55 337290],btwn_trial,9
[    14     58     56 842361],task_some_task,10
[    14     59      1 417637],btwn_trial,10
[   14    59     3 33804],task_some_task,11
[    14     59      6 921334],btwn_trial,11
[    14     59      8 474742],task_some_task,12
[    14     59     12 697987],btwn_trial,12
[    14     59     14 106372],task_some_task,13
[    14     59     17 930308],btwn_trial,13
[    14     59     19 482823],task_some_task,14
[    14     59     23 545531],btwn_trial,14
[    14     59     24 970358],task_some_task,15
[  14   59   29 1503],btwn_trial,15
[    14     59     30 428297],task_some_task,16
[  14   59   35 2352],btwn_trial,16
[    14     59     48 170304],task_some_task,17
[    14     59     52 201774],btwn_trial,17
[    14     59     53 786286],task_some_task,18
[    14     59     57 626438],btwn_trial,18
[    14     59     59 498695],task_some_task,19
[    15      0      3 514307],btwn_trial,19
