[    13     50     48 546437],init,0
[    13     50     57 663876],task_some_task,0
[    13     51      1 247315],btwn_trial,0
[    13     51      5 791764],task_some_task,1
[    13     51      6 287438],btwn_trial,1
[    13     51      9 600540],task_some_task,2
[    13     51     10 286844],btwn_trial,2
[    13     51     13 775862],task_some_task,3
[    13     51     14 510928],btwn_trial,3
[    13     51     18 671506],task_some_task,4
[    13     51     19 167226],btwn_trial,4
[   13    51    23 41689],task_some_task,5
[    13     51     24 639460],btwn_trial,5
[   13    51    28 16081],task_some_task,6
[    13     51     28 831192],btwn_trial,6
[    13     51     32 767373],task_some_task,7
[    13     51     33 358917],btwn_trial,7
[    13     51     36 367191],task_some_task,8
[    13     51     37 119848],btwn_trial,8
[    13     51     40 655483],task_some_task,9
[    13     51     41 135303],btwn_trial,9
[    13     51     44 511895],task_some_task,10
[    13     51     45 167741],btwn_trial,10
[   13    51    49 55198],task_some_task,11
[    13     51     49 647244],btwn_trial,11
[    13     51     52 560796],task_some_task,12
[    13     51     53 151427],btwn_trial,12
[    13     51     55 871452],task_some_task,13
[    13     51     56 526923],btwn_trial,13
[    13     51     57 903407],task_some_task,14
[    13     52      1 151554],btwn_trial,14
[    13     52      3 231818],task_some_task,15
[    13     52      6 767361],btwn_trial,15
[    13     52      7 771776],task_some_task,16
[    13     52     10 398914],btwn_trial,16
[    13     52     11 401443],task_some_task,17
[    13     52     14 287265],btwn_trial,17
[    13     52     15 290507],task_some_task,18
[    13     52     17 934963],btwn_trial,18
[    13     52     18 939302],task_some_task,19
[    13     52     21 455586],btwn_trial,19
[   13    52    24 16461],task_some_task,20
[    13     52     27 359660],btwn_trial,20
