[    13     51     33 637167],init,0
[    13     51     41 849621],task_some_task,0
[    13     51     47 721099],btwn_trial,0
[    13     51     50 313186],task_some_task,1
[    13     51     55 448833],btwn_trial,1
[    13     51     57 785572],task_some_task,2
[    13     52      3 497312],btwn_trial,2
[    13     52      6 280524],task_some_task,3
[    13     52     11 944695],btwn_trial,3
[    13     52     15 146140],task_some_task,4
[    13     52     22 200083],btwn_trial,4
[    13     52     24 538089],task_some_task,5
[    13     52     29 768285],btwn_trial,5
[    13     52     31 866044],task_some_task,6
[    13     52     36 697365],btwn_trial,6
[    13     52     39 305165],task_some_task,7
[    13     52     44 248596],btwn_trial,7
[    13     52     46 905600],task_some_task,8
[    13     52     51 833045],btwn_trial,8
[    13     52     54 233165],task_some_task,9
[    13     52     59 128776],btwn_trial,9
[    13     53      1 259427],task_some_task,10
[    13     53      5 864548],btwn_trial,10
[    13     53      7 674065],task_some_task,11
[    13     53     12 745402],btwn_trial,11
[    13     53     14 665686],task_some_task,12
[   13    53    20 88044],btwn_trial,12
[    13     53     21 977858],task_some_task,13
[    13     53     26 728020],btwn_trial,13
[    13     53     28 313950],task_some_task,14
[    13     53     33 784205],btwn_trial,14
[    13     53     35 593908],task_some_task,15
[    13     53     40 633288],btwn_trial,15
[    13     53     42 856407],task_some_task,16
[    13     53     49 176804],btwn_trial,16
[    13     53     50 697424],task_some_task,17
[    13     53     55 353426],btwn_trial,17
[    13     53     57 130163],task_some_task,18
[   13    54     2 73442],btwn_trial,18
[    13     54      3 673573],task_some_task,19
[    13     54      8 984610],btwn_trial,19
[    13     54     14 505940],task_some_task,20
[    13     54     18 264928],btwn_trial,20
