[    13     47     55 748827],init,0
[    13     48     23 352263],task_some_task,0
[    13     48     29 494244],btwn_trial,0
[   13    48    32 40600],task_some_task,1
[    13     48     37 751109],btwn_trial,1
[    13     48     39 591629],task_some_task,2
[    13     48     46 217384],btwn_trial,2
[    13     48     47 911768],task_some_task,3
[    13     48     52 950839],btwn_trial,3
[    13     48     54 456911],task_some_task,4
[    13     49      0 343368],btwn_trial,4
[    13     49      2 951464],task_some_task,5
[    13     49      8 247283],btwn_trial,5
[    13     49     11 336532],task_some_task,6
[    13     49     15 558872],btwn_trial,6
[    13     49     17 415791],task_some_task,7
[    13     49     21 895781],btwn_trial,7
[    13     49     23 864333],task_some_task,8
[   13    49    29 79760],btwn_trial,8
[    13     49     47 895668],task_some_task,9
[    13     49     52 791847],btwn_trial,9
[    13     49     54 920447],task_some_task,10
[    13     50      0 135036],btwn_trial,10
[    13     50     16 167402],task_some_task,11
[    13     50     20 839357],btwn_trial,11
[    13     50     22 887419],task_some_task,12
[    13     50     26 279548],btwn_trial,12
[    13     50     27 959449],task_some_task,13
[   13    50    32 56796],btwn_trial,13
[    13     50     33 624252],task_some_task,14
[    13     50     38 807655],btwn_trial,14
[    13     50     46 663875],task_some_task,15
[    13     50     51 991663],btwn_trial,15
[    13     50     57 256058],task_some_task,16
[    13     51      1 350981],btwn_trial,16
[    13     51      3 319728],task_some_task,17
[    13     51      8 265705],btwn_trial,17
[   13    51    10 39700],task_some_task,18
[    13     51     14 231523],btwn_trial,18
[    13     51     16 105112],task_some_task,19
[    13     51     20 712005],btwn_trial,19
