[    14      7     11 669416],init,0
[    14      7     18 314598],task_some_task,0
[    14      7     23 289532],btwn_trial,0
[    14      7     25 322613],task_some_task,1
[    14      7     29 577738],btwn_trial,1
[   14     7    31 98483],task_some_task,2
[    14      7     35 849408],btwn_trial,2
[    14      7     37 609459],task_some_task,3
[    14      7     41 865603],btwn_trial,3
[    14      7     43 674651],task_some_task,4
[    14      7     48 522036],btwn_trial,4
[    14      7     50 410597],task_some_task,5
[    14      7     54 890052],btwn_trial,5
[    14      7     56 522490],task_some_task,6
[    14      8      0 809624],btwn_trial,6
[    14      8      3 401858],task_some_task,7
[    14      8      7 689573],btwn_trial,7
[    14      8      9 178584],task_some_task,8
[    14      8     13 609696],btwn_trial,8
[    14      8     15 162450],task_some_task,9
[    14      8     19 449871],btwn_trial,9
[    14      8     21 194298],task_some_task,10
[    14      8     25 961575],btwn_trial,10
[    14      8     27 610513],task_some_task,11
[    14      8     32 233716],btwn_trial,11
[    14      8     33 866753],task_some_task,12
[    14      8     38 393929],btwn_trial,12
[    14      8     40 185370],task_some_task,13
[    14      8     44 841896],btwn_trial,13
[    14      8     46 443068],task_some_task,14
[    14      8     51 113629],btwn_trial,14
[    14      8     52 650583],task_some_task,15
[    14      8     57 466134],btwn_trial,15
[    14      8     58 954268],task_some_task,16
[    14      9      3 625191],btwn_trial,16
[    14      9      5 115007],task_some_task,17
[    14      9      9 513548],btwn_trial,17
[    14      9     10 955483],task_some_task,18
[    14      9     15 497548],btwn_trial,18
[    14      9     17 130665],task_some_task,19
[    14      9     21 769259],btwn_trial,19
