[    14     34     40 418126],init,0
[    14     34     51 566687],task_some_task,0
[    14     34     55 165625],btwn_trial,0
[    14     34     56 169815],task_some_task,1
[    14     34     59 373377],btwn_trial,1
[  14   35    1 5866],task_some_task,2
[    14     35      4 669813],btwn_trial,2
[    14     35      6 269830],task_some_task,3
[    14     35      9 933782],btwn_trial,3
[    14     35     11 406014],task_some_task,4
[    14     35     14 877529],btwn_trial,4
[    14     35     16 605979],task_some_task,5
[    14     35     19 244429],btwn_trial,5
[    14     35     20 781488],task_some_task,6
[    14     35     23 949434],btwn_trial,6
[    14     35     25 437884],task_some_task,7
[    14     35     28 861462],btwn_trial,7
[    14     35     30 285967],task_some_task,8
[    14     35     34 205721],btwn_trial,8
[    14     35     35 678188],task_some_task,9
[    14     35     38 925501],btwn_trial,9
[    14     35     40 397752],task_some_task,10
[    14     35     43 741697],btwn_trial,10
[    14     35     45 150081],task_some_task,11
[    14     35     48 509152],btwn_trial,11
[    14     35     49 934091],task_some_task,12
[   14    35    53 69086],btwn_trial,12
[    14     35     54 541961],task_some_task,13
[   14    35    58 45041],btwn_trial,13
[    14     35     59 534148],task_some_task,14
[    14     36      2 877184],btwn_trial,14
[    14     36      4 414540],task_some_task,15
[    14     36      7 757067],btwn_trial,15
[    14     36      9 438194],task_some_task,16
[    14     36     12 764659],btwn_trial,16
[    14     36     14 446458],task_some_task,17
[    14     36     17 868803],btwn_trial,17
[    14     36     19 341554],task_some_task,18
[    14     36     22 636946],btwn_trial,18
[    14     36     24 318417],task_some_task,19
[    14     36     27 756978],btwn_trial,19
[    14     36     29 470384],task_some_task,20
[    14     36     32 604854],btwn_trial,20
