[    11     23     18 583124],init,0
[    11     23     23 890355],task_some_task,0
[    11     23     31 154190],btwn_trial,0
[    11     23     32 866326],task_some_task,1
[    11     23     39 122387],btwn_trial,1
[    11     23     40 610743],task_some_task,2
[    11     23     46 817884],btwn_trial,2
[    11     23     48 210245],task_some_task,3
[   11    23    54 97763],btwn_trial,3
[    11     23     55 507033],task_some_task,4
[    11     24      1 409871],btwn_trial,4
[    11     24      3 250187],task_some_task,5
[    11     24      8 737739],btwn_trial,5
[    11     24     10 338222],task_some_task,6
[    11     24     15 987733],btwn_trial,6
[    11     24     17 666507],task_some_task,7
[    11     24     24 322226],btwn_trial,7
[    11     24     25 985938],task_some_task,8
[    11     24     31 890616],btwn_trial,8
[    11     24     33 522677],task_some_task,9
[    11     24     39 137747],btwn_trial,9
[    11     24     40 772683],task_some_task,10
[    11     24     46 930099],btwn_trial,10
[    11     24     48 754081],task_some_task,11
[    11     24     54 465506],btwn_trial,11
[    11     24     55 874217],task_some_task,12
[    11     25      1 505357],btwn_trial,12
[    11     25      2 977967],task_some_task,13
[    11     25      8 178003],btwn_trial,13
[    11     25      9 794643],task_some_task,14
[    11     25     15 584926],btwn_trial,14
[   11    25    17 58454],task_some_task,15
[  11   25   23 9862],btwn_trial,15
[    11     25     24 530463],task_some_task,16
[    11     25     30 225804],btwn_trial,16
[    11     25     31 698804],task_some_task,17
[    11     25     37 250730],btwn_trial,17
[    11     25     38 850400],task_some_task,18
[    11     25     45 393786],btwn_trial,18
[    11     25     46 882130],task_some_task,19
[    11     25     52 737991],btwn_trial,19
